#PWBUILD|version=1|units=cm|total=649|mode=near|center=-103692.7,41160.5,775.7|radius=300|time=1790360193
#type	x	y	z	yaw	mesh	baseCampId	groupId	ownerId
Wood_Foundation	-104108.29	42030.36	684.46	-7.63	-	-	-	PalMapObjectModel_2147430904
Wood_Foundation	-102653.43	43853.38	684.46	-7.63	-	-	-	PalMapObjectModel_2147430899
Wood_Foundation	-104770.22	40101.15	684.46	-7.63	-	-	-	PalMapObjectModel_2147430879
Wood_Foundation	-103740.13	38752.49	684.46	-7.63	-	-	-	PalMapObjectModel_2147430869
Wood_Foundation	-103156.08	43113.55	684.46	-7.63	-	-	-	PalMapObjectModel_2147430859
Wood_Foundation	-104529.54	44911.78	684.46	-7.63	-	-	-	PalMapObjectModel_2147430849
Wood_Foundation	-101173.78	42848.07	684.46	-7.63	-	-	-	PalMapObjectModel_2147430844
Wood_Foundation	-105085.28	43775.49	684.46	-7.63	-	-	-	PalMapObjectModel_2147430839
Wood_Foundation	-102550.75	38593.20	684.46	-7.63	-	-	-	PalMapObjectModel_2147430829
Wood_Foundation	-100593.24	41156.04	684.46	-7.63	-	-	-	PalMapObjectModel_2147430824
Wood_Foundation	-105350.76	41793.19	684.46	-7.63	-	-	-	PalMapObjectModel_2147430819
Wood_Foundation	-102444.56	39386.12	684.46	-7.63	-	-	-	PalMapObjectModel_2147430809
Wood_Foundation	-104186.17	44462.22	684.46	-7.63	-	-	-	PalMapObjectModel_2147430799
Wood_Foundation	-102179.08	41368.42	684.46	-7.63	-	-	-	PalMapObjectModel_2147430784
Wood_Foundation	-105878.20	43881.68	684.46	-7.63	-	-	-	PalMapObjectModel_2147430774
Wood_Foundation	-102125.98	41764.88	684.46	-7.63	-	-	-	PalMapObjectModel_2147430769
Wood_Foundation	-101279.97	42055.15	684.46	-7.63	-	-	-	PalMapObjectModel_2147430764
Wood_Foundation	-104239.27	44065.76	684.46	-7.63	-	-	-	PalMapObjectModel_2147430754
Wood_Foundation	-101704.73	38883.47	684.46	-7.63	-	-	-	PalMapObjectModel_2147430749
Wood_Foundation	-103736.62	44805.58	684.46	-7.63	-	-	-	PalMapObjectModel_2147430744
Wood_Foundation	-105587.94	43035.66	684.46	-7.63	-	-	-	PalMapObjectModel_2147430734
Wood_Foundation	-104717.13	40497.62	684.46	-7.63	-	-	-	PalMapObjectModel_2147430729
Wood_Foundation	-106540.14	41952.48	684.46	172.37	-	-	-	PalMapObjectModel_2147430724
Wood_Foundation	-104426.86	39651.60	684.46	-7.63	-	-	-	PalMapObjectModel_2147430719
Wood_Foundation	-101255.18	39226.83	684.46	-7.63	-	-	-	PalMapObjectModel_2147430704
Wood_Foundation	-105641.03	42639.20	684.46	-7.63	-	-	-	PalMapObjectModel_2147430699
Wood_Foundation	-102787.92	39835.68	684.46	-7.63	-	-	-	PalMapObjectModel_2147430684
Wood_Foundation	-101835.71	40918.87	684.46	-7.63	-	-	-	PalMapObjectModel_2147430679
Wood_Foundation	-102918.90	41871.07	684.46	-7.63	-	-	-	PalMapObjectModel_2147430664
Wood_Foundation	-104055.19	42426.82	684.46	-7.63	-	-	-	PalMapObjectModel_2147430659
Wood_Foundation	-105853.41	41053.36	684.46	-7.63	-	-	-	PalMapObjectModel_2147430654
Wood_Foundation	-103764.92	41580.81	684.46	-7.63	-	-	-	PalMapObjectModel_2147430644
Wood_Foundation	-102497.65	38989.66	684.46	-7.63	-	-	-	PalMapObjectModel_2147430639
Wood_Foundation	-103078.19	40681.69	684.46	-7.63	-	-	-	PalMapObjectModel_2147430629
Wood_Foundation	-104848.11	42533.01	684.46	-7.63	-	-	-	PalMapObjectModel_2147430624
Wood_Foundation	-101067.58	43640.99	684.46	-7.63	-	-	-	PalMapObjectModel_2147430604
Wood_Foundation	-105825.11	44278.14	684.46	-7.63	-	-	-	PalMapObjectModel_2147430599
Wood_Foundation	-106090.59	42295.84	684.46	-7.63	-	-	-	PalMapObjectModel_2147430594
Wood_Foundation	-100646.33	40759.58	684.46	-7.63	-	-	-	PalMapObjectModel_2147430584
Wood_Foundation	-106593.24	41556.01	684.46	172.37	-	-	-	PalMapObjectModel_2147430579
Wood_Foundation	-103842.81	44012.66	684.46	-7.63	-	-	-	PalMapObjectModel_2147430574
Wood_Foundation	-103340.15	44752.49	684.46	-7.63	-	-	-	PalMapObjectModel_2147430569
Wood_Foundation	-104979.09	44568.41	684.46	-7.63	-	-	-	PalMapObjectModel_2147430559
Wood_Foundation	-103499.44	43563.11	684.46	-7.63	-	-	-	PalMapObjectModel_2147430549
Wood_Foundation	-106274.66	43934.78	684.46	-7.63	-	-	-	PalMapObjectModel_2147430544
Wood_Foundation	-103315.36	41924.17	684.46	-7.63	-	-	-	PalMapObjectModel_2147430534
Wood_Foundation	-103793.23	38356.03	684.46	-7.63	-	-	-	PalMapObjectModel_2147430529
Wood_Foundation	-103687.03	39148.95	684.46	-7.63	-	-	-	PalMapObjectModel_2147430524
Wood_Foundation	-101995.00	39729.48	684.46	-7.63	-	-	-	PalMapObjectModel_2147430519
Wood_Foundation	-105032.19	44171.95	684.46	-7.63	-	-	-	PalMapObjectModel_2147430514
Wood_Foundation	-101226.87	42451.61	684.46	-7.63	-	-	-	PalMapObjectModel_2147430504
Wood_Foundation	-104345.46	43272.84	684.46	-7.63	-	-	-	PalMapObjectModel_2147430499
Wood_Foundation	-103977.30	39994.96	684.46	-7.63	-	-	-	PalMapObjectModel_2147430489
Wood_Foundation	-100487.05	41948.96	684.46	-7.63	-	-	-	PalMapObjectModel_2147430484
Wood_Foundation	-102391.46	39782.58	684.46	-7.63	-	-	-	PalMapObjectModel_2147430479
Wood_Foundation	-102285.27	40575.50	684.46	-7.63	-	-	-	PalMapObjectModel_2147430469
Wood_Foundation	-103924.21	40391.42	684.46	-7.63	-	-	-	PalMapObjectModel_2147430454
Wood_Foundation	-103421.56	41131.25	684.46	-7.63	-	-	-	PalMapObjectModel_2147430434
Wood_Foundation	-102469.35	42214.44	684.46	-7.63	-	-	-	PalMapObjectModel_2147430429
Wood_Foundation	-100433.95	42345.42	684.46	-7.63	-	-	-	PalMapObjectModel_2147430424
Wood_Foundation	-106989.70	41609.11	684.46	172.37	-	-	-	PalMapObjectModel_2147430414
Wood_Foundation	-101333.06	41658.69	684.46	-7.63	-	-	-	PalMapObjectModel_2147430409
Wood_Foundation	-106380.86	43141.86	684.46	-7.63	-	-	-	PalMapObjectModel_2147430404
Wood_Foundation	-105669.34	39414.43	684.46	-7.63	-	-	-	PalMapObjectModel_2147430399
Wood_Foundation	-103102.98	43510.01	684.46	-7.63	-	-	-	PalMapObjectModel_2147430389
Wood_Foundation	-102812.71	42663.99	684.46	-7.63	-	-	-	PalMapObjectModel_2147430384
Wood_Foundation	-102072.89	42161.34	684.46	-7.63	-	-	-	PalMapObjectModel_2147430379
Wood_Foundation	-104030.40	39598.50	684.46	-7.63	-	-	-	PalMapObjectModel_2147430369
Wood_Foundation	-106433.95	42745.40	684.46	-7.63	-	-	-	PalMapObjectModel_2147430354
Wood_Foundation	-102522.44	41817.98	684.46	-7.63	-	-	-	PalMapObjectModel_2147430349
Wood_Foundation	-103789.71	44409.12	684.46	-7.63	-	-	-	PalMapObjectModel_2147430344
Wood_Foundation	-101410.95	44090.55	684.46	-7.63	-	-	-	PalMapObjectModel_2147430339
Wood_Foundation	-104635.73	44118.85	684.46	-7.63	-	-	-	PalMapObjectModel_2147430329
Wood_Foundation	-101676.43	42108.25	684.46	-7.63	-	-	-	PalMapObjectModel_2147430324
Wood_Foundation	-101148.99	40019.75	684.46	-7.63	-	-	-	PalMapObjectModel_2147430319
Wood_Foundation	-102101.19	38936.56	684.46	-7.63	-	-	-	PalMapObjectModel_2147430294
Wood_Foundation	-106249.87	41106.46	684.46	-7.63	-	-	-	PalMapObjectModel_2147430289
Wood_Foundation	-101782.62	41315.33	684.46	-7.63	-	-	-	PalMapObjectModel_2147430274
Wood_Foundation	-103237.48	39492.31	684.46	-7.63	-	-	-	PalMapObjectModel_2147430264
Wood_Foundation	-103131.29	40285.23	684.46	-7.63	-	-	-	PalMapObjectModel_2147430259
Wood_Foundation	-103184.38	39888.77	684.46	-7.63	-	-	-	PalMapObjectModel_2147430249
Wood_Foundation	-105219.78	39757.79	684.46	-7.63	-	-	-	PalMapObjectModel_2147430234
Wood_Foundation	-107042.80	41212.65	684.46	172.37	-	-	-	PalMapObjectModel_2147430219
Wood_Foundation	-102996.79	44302.93	684.46	-7.63	-	-	-	PalMapObjectModel_2147430209
Wood_Foundation	-102972.00	41474.61	684.46	-7.63	-	-	-	PalMapObjectModel_2147430199
Wood_Foundation	-104320.67	40444.52	684.46	-7.63	-	-	-	PalMapObjectModel_2147430194
Wood_Foundation	-106777.32	43194.95	684.46	-7.63	-	-	-	PalMapObjectModel_2147430189
Wood_Foundation	-103658.73	42373.73	684.46	-7.63	-	-	-	PalMapObjectModel_2147430184
Wood_Foundation	-104876.42	39308.23	684.46	-7.63	-	-	-	PalMapObjectModel_2147430179
Wood_Foundation	-103025.10	41078.15	684.46	-7.63	-	-	-	PalMapObjectModel_2147430169
Wood_Foundation	-100830.41	42398.52	684.46	-7.63	-	-	-	PalMapObjectModel_2147430164
Wood_Foundation	-105747.22	41846.28	684.46	-7.63	-	-	-	PalMapObjectModel_2147430159
Wood_Foundation	-100724.22	43191.44	684.46	-7.63	-	-	-	PalMapObjectModel_2147430154
Wood_Foundation	-104823.32	39704.69	684.46	-7.63	-	-	-	PalMapObjectModel_2147430149
Wood_Foundation	-100989.70	41209.13	684.46	-7.63	-	-	-	PalMapObjectModel_2147430144
Wood_Foundation	-101570.24	42901.17	684.46	-7.63	-	-	-	PalMapObjectModel_2147430134
Wood_Foundation	-104533.05	38858.68	684.46	-7.63	-	-	-	PalMapObjectModel_2147430129
Wood_Foundation	-105297.67	42189.65	684.46	-7.63	-	-	-	PalMapObjectModel_2147430119
Wood_Foundation	-100752.52	39966.66	684.46	-7.63	-	-	-	PalMapObjectModel_2147430114
Wood_Foundation	-102600.33	44249.84	684.46	-7.63	-	-	-	PalMapObjectModel_2147430109
Wood_Foundation	-105481.74	43828.59	684.46	-7.63	-	-	-	PalMapObjectModel_2147430074
Wood_Foundation	-102759.62	43060.46	684.46	-7.63	-	-	-	PalMapObjectModel_2147430064
Wood_Foundation	-103262.27	42320.63	684.46	-7.63	-	-	-	PalMapObjectModel_2147430059
Wood_Foundation	-104267.57	40840.98	684.46	-7.63	-	-	-	PalMapObjectModel_2147430054
Wood_Foundation	-102575.54	41421.52	684.46	-7.63	-	-	-	PalMapObjectModel_2147430044
Wood_Foundation	-103895.90	43616.20	684.46	-7.63	-	-	-	PalMapObjectModel_2147430034
Wood_Foundation	-104083.49	39202.04	684.46	-7.63	-	-	-	PalMapObjectModel_2147430029
Wood_Foundation	-102232.17	40971.96	684.46	-7.63	-	-	-	PalMapObjectModel_2147430024
Wood_Foundation	-101807.41	44143.64	684.46	-7.63	-	-	-	PalMapObjectModel_2147430019
Wood_Foundation	-105694.13	42242.74	684.46	-7.63	-	-	-	PalMapObjectModel_2147430014
Wood_Foundation	-101095.89	40416.21	684.46	-7.63	-	-	-	PalMapObjectModel_2147430009
Wood_Foundation	-101439.25	40865.77	684.46	-7.63	-	-	-	PalMapObjectModel_2147430004
Wood_Foundation	-104982.61	38515.31	684.46	-7.63	-	-	-	PalMapObjectModel_2147429994
Wood_Foundation	-102416.25	42610.90	684.46	-7.63	-	-	-	PalMapObjectModel_2147429979
Wood_Foundation	-102681.73	40628.60	684.46	-7.63	-	-	-	PalMapObjectModel_2147429959
Wood_Foundation	-102256.96	43800.28	684.46	-7.63	-	-	-	PalMapObjectModel_2147429954
Wood_Foundation	-101860.50	43747.18	684.46	-7.63	-	-	-	PalMapObjectModel_2147429949
Wood_Foundation	-102706.52	43456.92	684.46	-7.63	-	-	-	PalMapObjectModel_2147429944
Wood_Foundation	-104954.30	41740.09	684.46	-7.63	-	-	-	PalMapObjectModel_2147429939
Wood_Foundation	-101888.81	40522.41	684.46	-7.63	-	-	-	PalMapObjectModel_2147429934
Wood_Foundation	-105191.47	42982.57	684.46	-7.63	-	-	-	PalMapObjectModel_2147429924
Wood_Foundation	-103871.11	40787.88	684.46	-7.63	-	-	-	PalMapObjectModel_2147429919
Wood_Foundation	-105800.32	41449.82	684.46	-7.63	-	-	-	PalMapObjectModel_2147429914
Wood_Foundation	-105113.59	40550.71	684.46	-7.63	-	-	-	PalMapObjectModel_2147429909
Wood_Foundation	-103527.75	40338.33	684.46	-7.63	-	-	-	PalMapObjectModel_2147429904
Wood_Foundation	-101651.64	39279.93	684.46	-7.63	-	-	-	PalMapObjectModel_2147429899
Wood_Foundation	-102734.83	40232.14	684.46	-7.63	-	-	-	PalMapObjectModel_2147429894
Wood_Foundation	-106327.76	43538.32	684.46	-7.63	-	-	-	PalMapObjectModel_2147429869
Wood_Foundation	-102894.11	39042.76	684.46	-7.63	-	-	-	PalMapObjectModel_2147429859
Wood_Foundation	-104398.55	42876.38	684.46	-7.63	-	-	-	PalMapObjectModel_2147429854
Wood_Foundation	-101464.04	43694.09	684.46	-7.63	-	-	-	PalMapObjectModel_2147429839
Wood_Foundation	-104133.08	44858.68	684.46	-7.63	-	-	-	PalMapObjectModel_2147429829
Wood_Foundation	-106936.60	42005.57	684.46	172.37	-	-	-	PalMapObjectModel_2147429824
Wood_Foundation	-102841.02	39439.22	684.46	-7.63	-	-	-	PalMapObjectModel_2147429814
Wood_Foundation	-104189.69	38409.12	684.46	-7.63	-	-	-	PalMapObjectModel_2147429809
Wood_Foundation	-103396.77	38302.93	684.46	-7.63	-	-	-	PalMapObjectModel_2147429799
Wood_Foundation	-103290.57	39095.85	684.46	-7.63	-	-	-	PalMapObjectModel_2147429794
Wood_Foundation	-102338.37	40179.04	684.46	-7.63	-	-	-	PalMapObjectModel_2147429789
Wood_Foundation	-105007.40	41343.63	684.46	-7.63	-	-	-	PalMapObjectModel_2147429784
Wood_Foundation	-104136.59	38805.58	684.46	-7.63	-	-	-	PalMapObjectModel_2147429774
Wood_Foundation	-105984.40	43088.76	684.46	-7.63	-	-	-	PalMapObjectModel_2147429769
Wood_Foundation	-101517.14	43297.63	684.46	-7.63	-	-	-	PalMapObjectModel_2147429754
Wood_Foundation	-105534.84	43432.13	684.46	-7.63	-	-	-	PalMapObjectModel_2147429744
Wood_Foundation	-103552.54	43166.65	684.46	-7.63	-	-	-	PalMapObjectModel_2147429739
Wood_Foundation	-104373.76	40048.06	684.46	-7.63	-	-	-	PalMapObjectModel_2147429734
Wood_Foundation	-101729.52	41711.79	684.46	-7.63	-	-	-	PalMapObjectModel_2147429714
Wood_Foundation	-104504.75	42083.46	684.46	-7.63	-	-	-	PalMapObjectModel_2147429709
Wood_Foundation	-102547.23	44646.30	684.46	-7.63	-	-	-	PalMapObjectModel_2147429694
Wood_Foundation	-104929.51	38911.77	684.46	-7.63	-	-	-	PalMapObjectModel_2147429689
Wood_Foundation	-105166.68	40154.25	684.46	-7.63	-	-	-	PalMapObjectModel_2147429674
Wood_Foundation	-100936.60	41605.60	684.46	-7.63	-	-	-	PalMapObjectModel_2147429669
Wood_Foundation	-105060.49	40947.17	684.46	-7.63	-	-	-	PalMapObjectModel_2147429664
Wood_Foundation	-100883.51	42002.06	684.46	-7.63	-	-	-	PalMapObjectModel_2147429659
Wood_Foundation	-101202.08	39623.29	684.46	-7.63	-	-	-	PalMapObjectModel_2147429649
Wood_Foundation	-104451.65	42479.92	684.46	-7.63	-	-	-	PalMapObjectModel_2147429644
Wood_Foundation	-102310.06	43403.82	684.46	-7.63	-	-	-	PalMapObjectModel_2147429639
Wood_Foundation	-104161.38	41633.90	684.46	-7.63	-	-	-	PalMapObjectModel_2147429634
Wood_Foundation	-104610.94	41290.54	684.46	-7.63	-	-	-	PalMapObjectModel_2147429624
Wood_Foundation	-103000.31	38249.83	684.46	-7.63	-	-	-	PalMapObjectModel_2147429619
Wood_Foundation	-104557.84	41687.00	684.46	-7.63	-	-	-	PalMapObjectModel_2147429614
Wood_Foundation	-104214.48	41237.44	684.46	-7.63	-	-	-	PalMapObjectModel_2147429604
Wood_Foundation	-101386.16	41262.23	684.46	-7.63	-	-	-	PalMapObjectModel_2147429599
Wood_Foundation	-100540.14	41552.50	684.46	-7.63	-	-	-	PalMapObjectModel_2147429594
Wood_Foundation	-106143.68	41899.38	684.46	-7.63	-	-	-	PalMapObjectModel_2147429589
Wood_Foundation	-102947.21	38646.30	684.46	-7.63	-	-	-	PalMapObjectModel_2147429584
Wood_Foundation	-102150.77	44593.20	684.46	-7.63	-	-	-	PalMapObjectModel_2147429579
Wood_Foundation	-102865.81	42267.53	684.46	-7.63	-	-	-	PalMapObjectModel_2147429564
Wood_Foundation	-106196.78	41502.92	684.46	-7.63	-	-	-	PalMapObjectModel_2147429559
Wood_Foundation	-104901.21	42136.55	684.46	-7.63	-	-	-	PalMapObjectModel_2147429554
Wood_Foundation	-102363.16	43007.36	684.46	-7.63	-	-	-	PalMapObjectModel_2147429539
Wood_Foundation	-106487.05	42348.94	684.46	172.37	-	-	-	PalMapObjectModel_2147429534
Wood_Foundation	-102019.79	42557.80	684.46	-7.63	-	-	-	PalMapObjectModel_2147429529
Wood_Foundation	-105244.57	42586.11	684.46	-7.63	-	-	-	PalMapObjectModel_2147429519
Wood_Foundation	-102628.64	41025.06	684.46	-7.63	-	-	-	PalMapObjectModel_2147429509
Wood_Foundation	-104795.01	42929.47	684.46	-7.63	-	-	-	PalMapObjectModel_2147429504
Wood_Foundation	-103343.67	38699.39	684.46	-7.63	-	-	-	PalMapObjectModel_2147429499
Wood_Foundation	-104741.92	43325.93	684.46	-7.63	-	-	-	PalMapObjectModel_2147429494
Wood_Foundation	-104002.09	42823.28	684.46	-7.63	-	-	-	PalMapObjectModel_2147429479
Wood_Foundation	-105138.38	43379.03	684.46	-7.63	-	-	-	PalMapObjectModel_2147429469
Wood_Foundation	-104582.63	44515.31	684.46	-7.63	-	-	-	PalMapObjectModel_2147429464
Wood_Foundation	-103209.17	42717.09	684.46	-7.63	-	-	-	PalMapObjectModel_2147429459
Wood_Foundation	-103368.46	41527.71	684.46	-7.63	-	-	-	PalMapObjectModel_2147429454
Wood_Foundation	-101120.68	43244.53	684.46	-7.63	-	-	-	PalMapObjectModel_2147429449
Wood_Foundation	-101913.60	43350.72	684.46	-7.63	-	-	-	PalMapObjectModel_2147429444
Wood_Foundation	-103633.94	39545.41	684.46	-7.63	-	-	-	PalMapObjectModel_2147429439
Wood_Foundation	-105722.43	39017.97	684.46	-7.63	-	-	-	PalMapObjectModel_2147429434
Wood_Foundation	-106037.49	42692.30	684.46	-7.63	-	-	-	PalMapObjectModel_2147429429
Wood_Foundation	-104586.15	38462.22	684.46	-7.63	-	-	-	PalMapObjectModel_2147429424
Wood_Foundation	-104479.96	39255.14	684.46	-7.63	-	-	-	PalMapObjectModel_2147429419
Wood_Foundation	-101492.35	40469.31	684.46	-7.63	-	-	-	PalMapObjectModel_2147429414
Wood_Foundation	-103393.25	44356.03	684.46	-7.63	-	-	-	PalMapObjectModel_2147429409
Wood_Foundation	-105931.30	43485.22	684.46	-7.63	-	-	-	PalMapObjectModel_2147429404
Wood_Foundation	-105325.97	38964.87	684.46	-7.63	-	-	-	PalMapObjectModel_2147429399
Wood_Foundation	-103580.84	39941.87	684.46	-7.63	-	-	-	PalMapObjectModel_2147429389
Wood_Foundation	-104664.03	40894.08	684.46	-7.63	-	-	-	PalMapObjectModel_2147429384
Wood_Foundation	-101598.54	39676.39	684.46	-7.63	-	-	-	PalMapObjectModel_2147429379
Wood_Foundation	-105272.88	39361.33	684.46	-7.63	-	-	-	PalMapObjectModel_2147429369
Wood_Foundation	-101966.70	42954.26	684.46	-7.63	-	-	-	PalMapObjectModel_2147429364
Wood_Foundation	-104688.82	43722.39	684.46	-7.63	-	-	-	PalMapObjectModel_2147429359
Wood_Foundation	-102154.29	38540.10	684.46	-7.63	-	-	-	PalMapObjectModel_2147429354
Wood_Foundation	-105456.95	41000.27	684.46	-7.63	-	-	-	PalMapObjectModel_2147429349
Wood_Foundation	-101042.79	40812.67	684.46	-7.63	-	-	-	PalMapObjectModel_2147429344
Wood_Foundation	-102943.69	44699.39	684.46	-7.63	-	-	-	PalMapObjectModel_2147429339
Wood_Foundation	-103474.65	40734.79	684.46	-7.63	-	-	-	PalMapObjectModel_2147429324
Wood_Foundation	-102048.10	39333.02	684.46	-7.63	-	-	-	PalMapObjectModel_2147429314
Wood_Foundation	-105428.65	44225.05	684.46	-7.63	-	-	-	PalMapObjectModel_2147429309
Wood_Foundation	-103949.00	43219.74	684.46	-7.63	-	-	-	PalMapObjectModel_2147429284
Wood_Foundation	-105379.07	38568.41	684.46	-7.63	-	-	-	PalMapObjectModel_2147429279
Wood_Foundation	-102203.87	44196.74	684.46	-7.63	-	-	-	PalMapObjectModel_2147429274
Wood_Foundation	-103446.35	43959.57	684.46	-7.63	-	-	-	PalMapObjectModel_2147429269
Wood_Foundation	-106883.51	42402.03	684.46	172.37	-	-	-	PalMapObjectModel_2147429259
Wood_Foundation	-104292.36	43669.30	684.46	-7.63	-	-	-	PalMapObjectModel_2147429244
Wood_Foundation	-100699.43	40363.12	684.46	-7.63	-	-	-	PalMapObjectModel_2147429239
Wood_Foundation	-106830.41	42798.49	684.46	-7.63	-	-	-	PalMapObjectModel_2147429234
Wood_Foundation	-103711.82	41977.27	684.46	-7.63	-	-	-	PalMapObjectModel_2147429224
Wood_Foundation	-103049.89	43906.47	684.46	-7.63	-	-	-	PalMapObjectModel_2147429219
Wood_Foundation	-103605.63	42770.19	684.46	-7.63	-	-	-	PalMapObjectModel_2147429214
Wood_Foundation	-101545.45	40072.85	684.46	-7.63	-	-	-	PalMapObjectModel_2147429204
Wood_Foundation	-100777.31	42794.98	684.46	-7.63	-	-	-	PalMapObjectModel_2147429199
Wood_Foundation	-101623.33	42504.71	684.46	-7.63	-	-	-	PalMapObjectModel_2147429189
Wood_Foundation	-103818.02	41184.34	684.46	-7.63	-	-	-	PalMapObjectModel_2147429179
Wood_Foundation	-101941.91	40125.95	684.46	-7.63	-	-	-	PalMapObjectModel_2147429169
Wood_Foundation	-105403.86	41396.73	684.46	-7.63	-	-	-	PalMapObjectModel_2147429164
HugeKitchen	-103371.07	41528.07	685.52	-7.63	-	-	-	PalMapObjectModel_2147425174
BuildableGoddessStatue	-100794.83	41074.57	685.52	171.07	SM_GoddessStatue	-	-	PalMapObjectModel_2147425164
MedicineFacility_03	-102070.78	42612.79	685.52	-97.63	-	-	-	PalMapObjectModel_2147425159
BaseCampItemDispenser	-104227.89	43001.68	685.52	172.37	SM_ItemTransporter	-	-	PalMapObjectModel_2147419878
BaseCampWorkHard_03	-103692.64	42167.76	685.52	-7.63	-	-	-	PalMapObjectModel_2147419872
CharacterRankUp	-105469.95	43941.37	685.52	-97.07	SM_PalSynthesizer	-	-	PalMapObjectModel_2147419866
AncientBlastFurnace	-102902.48	39235.99	685.52	82.37	SM_BlastFurnaceAncient	-	-	PalMapObjectModel_2147419861
AncientBlastFurnace	-102388.03	39483.51	685.52	83.85	SM_BlastFurnaceAncient	-	-	PalMapObjectModel_2147419849
ItemChest_04	-105507.29	41410.58	685.52	-7.63	SM_ChestFuturistic	-	-	PalMapObjectModel_2147419839
ItemChest_04	-105025.38	41904.78	685.52	-7.11	SM_ChestFuturistic	-	-	PalMapObjectModel_2147419830
ItemChest_04	-104859.26	41884.06	685.52	-7.11	SM_ChestFuturistic	-	-	PalMapObjectModel_2147419821
ItemChest_04	-105459.57	42222.13	1010.52	-7.14	SM_ChestFuturistic	-	-	PalMapObjectModel_2147419812
ItemChest_04	-105501.22	41889.67	1010.52	-7.14	SM_ChestFuturistic	-	-	PalMapObjectModel_2147419803
Wood_Stair	-106143.68	41899.38	684.46	82.37	-	-	-	PalMapObjectModel_2147419794
PlayerBed_03	-106239.75	41508.67	685.52	172.37	-	-	-	PalMapObjectModel_2147419717
Wood_DoorWall	-105099.44	42163.10	684.46	-7.63	-	-	-	PalMapObjectModel_2147419711
Wood_Wall_V2	-106341.91	41925.93	684.46	172.37	-	-	-	PalMapObjectModel_2147419702
Wood_Wall_V2	-105377.31	41594.96	684.46	-97.63	-	-	-	PalMapObjectModel_2147419697
Wood_Wall_V2	-106223.33	41304.69	684.46	-97.63	-	-	-	PalMapObjectModel_2147419692
Wood_Wall_V2	-106288.82	42322.39	684.46	172.37	-	-	-	PalMapObjectModel_2147419687
Wood_Wall_V2	-105667.58	42440.97	684.46	82.37	-	-	-	PalMapObjectModel_2147419682
Wood_Wall_V2	-106064.04	42494.07	684.46	82.37	-	-	-	PalMapObjectModel_2147419677
Wood_Wall_V2	-106395.01	41529.47	684.46	172.37	-	-	-	PalMapObjectModel_2147419672
Factory_Hard_4	-101356.51	41162.79	685.51	171.07	-	-	-	PalMapObjectModel_2147419667
WeaponFactory_Dirty_4	-102392.84	41325.55	685.51	171.07	-	-	-	PalMapObjectModel_2147419657
SphereFactory_Black_04	-101900.28	41248.19	685.52	171.07	-	-	-	PalMapObjectModel_2147419631
Clinic	-102538.27	42675.40	685.52	-97.63	-	-	-	PalMapObjectModel_2147419623
Wood_WindowWall	-105826.87	41251.59	684.46	-97.63	-	-	-	PalMapObjectModel_2147419616
Wood_WindowWall	-105152.53	41766.64	684.46	-7.63	-	-	-	PalMapObjectModel_2147419611
Wood_WindowWall	-105271.12	42387.88	684.46	82.37	-	-	-	PalMapObjectModel_2147419606
Wood_WindowWall	-105602.09	41423.28	684.46	-7.63	-	-	-	PalMapObjectModel_2147419601
GuildChest	-103248.80	40767.13	685.52	82.37	SM_GuildChest	-	-	PalMapObjectModel_2147419589
Stone_WallGate	-105733.07	43458.67	684.46	-7.63	-	-	-	PalMapObjectModel_2147419575
PalFoodBoxCool	-104763.08	40154.50	685.52	-7.63	-	-	-	PalMapObjectModel_2147419570
Snowman	-105114.39	42464.87	685.51	82.37	-	-	-	PalMapObjectModel_2147419556
ToolBoxV1	-105839.10	42542.23	685.52	82.37	-	-	-	PalMapObjectModel_2147419550
Refrigerator	-104039.82	39865.82	685.51	-97.63	-	-	-	PalMapObjectModel_2147419545
Wood_Roof	-106090.59	42295.84	1009.46	-7.63	-	-	-	PalMapObjectModel_2147419534
Wood_Roof	-105694.13	42242.74	1009.46	-7.63	-	-	-	PalMapObjectModel_2147419529
Wood_Roof	-105350.76	41793.19	1009.46	-7.63	-	-	-	PalMapObjectModel_2147419524
Wood_Roof	-105297.67	42189.65	1009.46	-7.63	-	-	-	PalMapObjectModel_2147419519
Wood_Roof	-105747.22	41846.28	1009.46	-7.63	-	-	-	PalMapObjectModel_2147419514
Wood_Roof	-106196.78	41502.92	1009.46	-7.63	-	-	-	PalMapObjectModel_2147419509
Wood_Roof	-105800.32	41449.82	1009.46	-7.63	-	-	-	PalMapObjectModel_2147419504
EnergyStorage_Electric	-100940.68	40145.95	685.52	171.07	-	-	-	PalMapObjectModel_2147419209
EnergyStorage_Electric	-100970.01	39959.19	685.51	171.07	-	-	-	PalMapObjectModel_2147419204
MiningTool	-105258.23	42484.13	685.51	82.37	-	-	-	PalMapObjectModel_2147419139
OperatingTable	-106464.82	42345.96	685.52	172.37	-	-	-	PalMapObjectModel_2147419134
ItemChest_03	-103476.02	40557.15	685.51	-7.63	SM_ChestIron	-	-	PalMapObjectModel_2147419129
ItemChest_03	-103450.90	40794.19	685.52	-7.63	SM_ChestIron	-	-	PalMapObjectModel_2147419120
ItemChest_03	-103641.74	40819.75	685.52	-7.63	SM_ChestIron	-	-	PalMapObjectModel_2147419111
ItemChest_03	-104098.08	40872.55	685.51	-7.63	SM_ChestIron	-	-	PalMapObjectModel_2147419102
ItemChest_03	-102863.68	39525.64	685.52	82.37	SM_ChestIron	-	-	PalMapObjectModel_2147419093
ItemChest_03	-103869.23	40849.22	685.52	-7.63	SM_ChestIron	-	-	PalMapObjectModel_2147419084
ItemChest_03	-105097.44	41610.75	685.52	-7.93	SM_ChestIron	-	-	PalMapObjectModel_2147419075
ItemChest_03	-104585.22	40946.10	685.52	-7.63	SM_ChestIron	-	-	PalMapObjectModel_2147419066
ItemChest_03	-102045.09	39743.22	685.52	-8.19	SM_ChestIron	-	-	PalMapObjectModel_2147419048
PalMedicineBox	-102324.28	42646.74	685.52	-97.63	-	-	-	PalMapObjectModel_2147419019
ItemChest_02	-104373.88	40917.80	685.52	-7.63	SM_ChestCopper	-	-	PalMapObjectModel_2147419007
ItemChest_02	-103897.94	40634.79	685.51	-7.63	SM_ChestCopper	-	-	PalMapObjectModel_2147418998
ItemChest_02	-104125.83	40665.31	685.51	-7.63	SM_ChestCopper	-	-	PalMapObjectModel_2147418989
ItemChest_02	-104401.86	40708.86	685.52	-7.63	SM_ChestCopper	-	-	PalMapObjectModel_2147418980
ItemChest_02	-103673.38	40583.58	685.52	-7.63	SM_ChestCopper	-	-	PalMapObjectModel_2147418971
DefenseWait	-104696.53	43196.92	685.51	-94.16	DefenseFacilityMedieval_Sand	-	-	PalMapObjectModel_2147418902
DefenseWait	-104934.31	43214.24	685.52	-94.16	DefenseFacilityMedieval_Sand	-	-	PalMapObjectModel_2147418895
DisplayCharacter	-106242.92	43526.26	682.78	-6.99	-	-	-	PalMapObjectModel_2147418888
OlympicCauldron	-105462.45	42511.48	685.51	82.37	-	-	-	PalMapObjectModel_2147418772
DismantlingConveyor	-106952.96	42007.76	685.52	172.37	-	-	-	PalMapObjectModel_2147418677
DimensionPalStorage	-105139.73	43900.42	685.52	-97.07	-	-	-	PalMapObjectModel_2147418530
RepairBench	-102978.84	41130.03	685.52	-7.63	-	-	-	PalMapObjectModel_2147418525
Lab	-100841.37	40778.25	685.52	171.07	-	-	-	PalMapObjectModel_2147418520
EnergyGenerator_Large	-101329.79	40015.69	685.52	171.07	-	-	-	PalMapObjectModel_2147418508
AncientEnergyGenerator	-101290.47	40266.04	685.52	171.07	-	-	-	PalMapObjectModel_2147418484
TableDresser01_Stone	-105367.67	41666.90	685.51	-97.63	-	-	-	PalMapObjectModel_2147418456
CharacterSkinChange	-105499.36	41691.89	685.52	82.84	-	-	-	PalMapObjectModel_2147418451
Expedition	-106673.08	39992.95	682.81	32.09	-	-	-	PalMapObjectModel_2147418446
FishingPond02	-104802.55	44695.47	685.51	-97.02	-	-	-	PalMapObjectModel_2147418439
SanityDecrease1	-105641.80	42633.43	685.52	82.37	-	-	-	PalMapObjectModel_2147418418
WorkSpeedIncrease1	-105657.28	42517.88	685.51	82.37	-	-	-	PalMapObjectModel_2147418406
MultiElectricHatchingPalEgg	-104389.39	41664.45	685.51	-7.63	-	-	-	PalMapObjectModel_2147418394
MultiElectricHatchingPalEggWithBreed	-104712.69	43847.47	685.52	-97.07	-	-	-	PalMapObjectModel_2147418387
BaseCampWorkerExtraStation	-106442.00	42516.39	685.51	172.37	-	-	-	PalMapObjectModel_2147418379
BaseCampWorkerExtraStation	-104990.72	43881.94	685.52	-97.07	-	-	-	PalMapObjectModel_2147418374
Spa_2	-100990.19	42468.07	685.52	-7.63	-	-	-	PalMapObjectModel_2147418322
Spa_2	-101563.68	43405.92	685.52	-7.63	-	-	-	PalMapObjectModel_2147418317
MedicalPalBed_04	-102292.12	43855.89	685.52	-99.22	-	-	-	PalMapObjectModel_2147416766
MedicalPalBed_04	-102839.85	43944.82	685.52	-99.22	-	-	-	PalMapObjectModel_2147416760
MedicalPalBed_04	-103825.86	44104.90	685.52	-99.22	-	-	-	PalMapObjectModel_2147416754
MedicalPalBed_04	-103323.96	44023.42	685.52	-99.22	-	-	-	PalMapObjectModel_2147416748
MedicalPalBed_03	-102405.28	43077.93	685.52	-97.63	-	-	-	PalMapObjectModel_2147416742
MedicalPalBed_03	-102643.45	43443.66	685.51	-97.63	-	-	-	PalMapObjectModel_2147416730
MedicalPalBed_03	-102906.43	43478.88	685.51	-97.63	-	-	-	PalMapObjectModel_2147416712
MedicalPalBed_03	-103447.26	42897.14	685.52	-97.63	-	-	-	PalMapObjectModel_2147416706
MedicalPalBed_03	-103177.61	43181.37	685.52	-97.63	-	-	-	PalMapObjectModel_2147416700
MedicalPalBed_03	-103599.05	43571.63	685.52	-97.63	-	-	-	PalMapObjectModel_2147416694
MedicalPalBed_03	-103648.64	43244.45	685.52	-97.63	-	-	-	PalMapObjectModel_2147416688
MedicalPalBed_03	-103890.52	43276.84	685.52	-97.63	-	-	-	PalMapObjectModel_2147416682
MedicalPalBed_03	-103402.70	43211.51	685.51	-97.63	-	-	-	PalMapObjectModel_2147416676
MedicalPalBed_03	-103145.48	43510.89	685.52	-97.63	-	-	-	PalMapObjectModel_2147416670
MedicalPalBed_03	-103688.65	42929.46	685.52	-97.63	-	-	-	PalMapObjectModel_2147416664
MedicalPalBed_03	-103364.20	43540.18	685.51	-97.63	-	-	-	PalMapObjectModel_2147416658
MedicalPalBed_03	-102995.97	42836.70	685.51	-97.63	-	-	-	PalMapObjectModel_2147416652
MedicalPalBed_03	-103225.66	42867.46	685.52	-97.63	-	-	-	PalMapObjectModel_2147416646
MedicalPalBed_03	-102953.83	43151.40	685.51	-97.63	-	-	-	PalMapObjectModel_2147416640
MedicalPalBed_03	-103846.60	43604.79	685.51	-97.63	-	-	-	PalMapObjectModel_2147416634
MedicalPalBed_03	-104310.71	43948.62	685.51	-97.63	-	-	-	PalMapObjectModel_2147416628
MedicalPalBed_03	-104111.30	43640.24	685.51	-97.63	-	-	-	PalMapObjectModel_2147416622
MedicalPalBed_03	-104347.77	43671.91	685.52	-97.63	-	-	-	PalMapObjectModel_2147416616
MedicalPalBed_03	-102354.41	43404.95	685.52	-97.63	-	-	-	PalMapObjectModel_2147416598
MedicalPalBed_03	-102680.81	43114.83	685.52	-97.63	-	-	-	PalMapObjectModel_2147416574
MedicalPalBed_03	-104234.48	44517.82	685.52	-97.63	-	-	-	PalMapObjectModel_2147416556
MedicalPalBed_03	-104272.53	44233.77	685.52	-97.63	-	-	-	PalMapObjectModel_2147416550
MedicalPalBed_03	-102080.67	43368.29	685.52	-97.63	-	-	-	PalMapObjectModel_2147416544
MedicalPalBed_03	-102120.05	43039.73	685.52	-97.63	-	-	-	PalMapObjectModel_2147416538
MedicalPalBed_06	-102746.43	44520.25	685.52	-99.22	-	-	-	PalMapObjectModel_2147416532
AncientMultiProduct	-101435.32	39343.72	685.52	171.07	-	-	-	PalMapObjectModel_2147415433
AncientMultiProduct	-101962.21	38969.29	685.51	79.32	-	-	-	PalMapObjectModel_2147415423
AncientWorkBench	-102934.57	41460.60	685.51	-7.63	-	-	-	PalMapObjectModel_2147415413
FlourMill	-102855.08	38629.65	685.51	82.37	-	-	-	PalMapObjectModel_2147415405
AncientRelicRecycler	-105279.02	41076.80	685.51	80.87	-	-	-	PalMapObjectModel_2147415395
IceCrusher	-102497.37	38581.75	685.51	172.37	-	-	-	PalMapObjectModel_2147415386
WorkBench_SkillUnlock	-102891.66	41780.96	685.51	-7.63	-	-	-	PalMapObjectModel_2147415376
CompositeDesk	-106448.77	41940.24	685.52	172.37	-	-	-	PalMapObjectModel_2147415368
Farm_SkillFruits	-105443.73	39384.66	685.52	-7.63	SM_FarmGround	-	-	PalMapObjectModel_2147415355
AncientCookingStove	-103320.61	41904.83	685.52	-7.63	-	-	-	PalMapObjectModel_2147415262
FarmBlockRecipe	-105040.75	39126.88	685.52	-7.63	SM_HydroponicsAncient	-	-	PalMapObjectModel_2147415252
FarmBlockRecipe	-105013.94	39327.10	685.52	-7.63	SM_HydroponicsAncient	-	-	PalMapObjectModel_2147415237
FarmBlockRecipe	-104813.42	39096.44	685.52	-7.63	SM_HydroponicsAncient	-	-	PalMapObjectModel_2147415222
FarmBlockRecipe	-104987.28	39526.17	685.51	-7.63	SM_HydroponicsAncient	-	-	PalMapObjectModel_2147415207
FarmBlockRecipe	-104759.69	39497.66	685.51	-7.63	SM_HydroponicsAncient	-	-	PalMapObjectModel_2147415192
FarmBlockRecipe	-104786.42	39298.08	685.51	-7.63	SM_HydroponicsAncient	-	-	PalMapObjectModel_2147415177
FarmBlockRecipe	-104457.56	39252.64	685.52	-7.63	SM_HydroponicsAncient	-	-	PalMapObjectModel_2147415162
FarmBlockRecipe	-104484.41	39052.13	685.52	-7.63	SM_HydroponicsAncient	-	-	PalMapObjectModel_2147415147
FarmBlockRecipe	-104430.65	39453.59	685.51	-7.63	SM_HydroponicsAncient	-	-	PalMapObjectModel_2147415132
PalBoxV2	-103771.14	41581.65	685.52	-7.63	-	-	-	PalMapObjectModel_2147444391
