#PWBUILD|version=1|units=cm|total=649|mode=sphere|center=-275829.2,206529.8,-1005.0|radius=200|time=1790360538
#type	x	y	z	yaw	mesh	baseCampId	groupId	ownerId
FarmBlockV2_Berries	-275493.50	207089.07	-1279.95	-173.91	SM_FarmGround	-	-	PalMapObjectModel_2147425090
FarmBlockV2_Berries	-275534.82	207476.49	-1279.95	-173.91	SM_FarmGround	-	-	PalMapObjectModel_2147425080
ItemChest	-275663.30	206043.68	-1279.95	108.92	SM_ChestWood	-	-	PalMapObjectModel_2147424387
CampFire	-275250.64	206484.31	-1279.95	-84.42	-	-	-	PalMapObjectModel_2147424120
BaseCampWorkHard	-276313.64	206371.31	-1279.95	108.92	-	-	-	PalMapObjectModel_2147424088
ItemChest_03	-276634.08	205054.51	-1279.95	64.53	SM_ChestIron	-	-	PalMapObjectModel_2147424006
PalFoodBox	-275267.81	206729.87	-1279.95	108.92	-	-	-	PalMapObjectModel_2147423481
HatchingPalEgg	-276191.23	205656.25	-1279.95	52.24	-	-	-	PalMapObjectModel_2147423324
MedicalPalBed_02	-276795.15	206935.56	-1279.95	-173.91	-	-	-	PalMapObjectModel_2147417462
MedicalPalBed_02	-276820.96	207177.58	-1279.95	-173.91	-	-	-	PalMapObjectModel_2147417330
MedicalPalBed_02	-277064.51	206906.83	-1279.95	-173.91	-	-	-	PalMapObjectModel_2147417318
MedicalPalBed_02	-276185.00	207015.31	-1279.95	-173.91	-	-	-	PalMapObjectModel_2147417192
MedicalPalBed_02	-276524.25	207209.23	-1279.95	-173.91	-	-	-	PalMapObjectModel_2147417186
MedicalPalBed_02	-276209.77	207247.59	-1279.95	-173.91	-	-	-	PalMapObjectModel_2147417180
MedicalPalBed_02	-275910.00	207284.39	-1279.95	-171.40	-	-	-	PalMapObjectModel_2147417174
MedicalPalBed_02	-276499.98	206981.72	-1279.95	-173.91	-	-	-	PalMapObjectModel_2147417168
MedicalPalBed_02	-275870.71	207048.83	-1279.95	-173.91	-	-	-	PalMapObjectModel_2147417162
MedicalPalBed_02	-277090.44	207149.92	-1279.95	-173.91	-	-	-	PalMapObjectModel_2147417114
MedicalPalBed_02	-277406.35	207116.22	-1279.95	-173.91	-	-	-	PalMapObjectModel_2147417108
MedicalPalBed_02	-277379.79	206867.12	-1279.95	-173.91	-	-	-	PalMapObjectModel_2147417102
MedicalPalBed_02	-276854.88	207495.58	-1279.95	-173.91	-	-	-	PalMapObjectModel_2147417084
MedicalPalBed_02	-277476.39	207799.40	-1279.95	-173.91	-	-	-	PalMapObjectModel_2147417078
MedicalPalBed_02	-277121.08	207467.19	-1279.95	-173.91	-	-	-	PalMapObjectModel_2147417072
MedicalPalBed_02	-277437.36	207433.46	-1279.95	-173.91	-	-	-	PalMapObjectModel_2147417066
MedicalPalBed_02	-277792.71	207395.56	-1279.95	-173.91	-	-	-	PalMapObjectModel_2147417060
MedicalPalBed_02	-277157.87	207812.16	-1279.95	-173.91	-	-	-	PalMapObjectModel_2147417054
MedicalPalBed_02	-277847.97	207759.77	-1279.95	-173.91	-	-	-	PalMapObjectModel_2147417048
Spa	-276610.58	207769.43	-1279.95	-75.35	-	-	-	PalMapObjectModel_2147415217
Spa	-276069.46	207829.39	-1279.95	-96.11	-	-	-	PalMapObjectModel_2147415212
BreedFarm	-277842.49	204818.70	-1279.95	35.39	-	-	-	PalMapObjectModel_2147415170
BreedFarm	-276163.79	203885.62	-1279.95	82.60	-	-	-	PalMapObjectModel_2147415163
BreedFarm	-278576.23	206686.70	-1279.95	0.07	-	-	-	PalMapObjectModel_2147415156
BreedFarm	-274401.62	204735.18	-1279.95	128.32	-	-	-	PalMapObjectModel_2147415149
BreedFarm	-273418.70	206453.80	-1279.95	-174.84	-	-	-	PalMapObjectModel_2147415142
PalBoxV2	-275832.21	206536.36	-1279.95	108.92	-	-	-	PalMapObjectModel_2147444371
